Id;state;simfailed;Degree;Weighted Degree;Eccentricity;closnesscentrality;harmonicclosnesscentrality;betweenesscentrality;Authority;Hub;modularity_class;pageranks;componentnumber;clustering;triangles;eigencentrality
4969;Recovered;0;5;5;6;0.315238;0.335062;796.382134;0.017926;0.017926;6;0.001917;0;0.1;1;0.058677
2548;Recovered;0;21;21;5;0.404913;0.44302;2745.559256;0.129725;0.129726;0;0.005764;0;0.3;63;0.430063
10656;Failed;23;1;1;7;0.246503;0.256313;0;0.000597;0.000597;5;0.000856;0;0;0;0.002702
1335;Recovered;0;2;2;6;0.293678;0.309263;81.417149;0.008015;0.008015;10;0.000898;0;0;0;0.025818
1455;Failed;1;1;1;7;0.218283;0.226377;0;0.000214;0.000214;1;0.000639;0;0;0;0.001743
1334;Recovered;0;2;2;6;0.298481;0.313731;37.588565;0.008117;0.008117;10;0.000847;0;0;0;0.026429
1453;Recovered;0;1;1;7;0.268947;0.281167;0;0.003505;0.003504;1;0.000566;0;0;0;0.011557
10771;Recovered;0;2;2;6;0.32098;0.341455;94.780643;0.013092;0.013092;2;0.000904;0;0;0;0.044096
3999;Recovered;0;1;1;7;0.26232;0.274401;0;0.001652;0.001652;9;0.000561;0;0;0;0.006463
3758;Recovered;0;2;2;6;0.263538;0.277071;1.033333;0.002328;0.002328;5;0.000811;0;0;0;0.009098
4738;Recovered;0;1;1;7;0.247578;0.25814;0;0.000921;0.000921;5;0.000548;0;0;0;0.004028
3527;Recovered;0;1;1;6;0.312921;0.330267;0;0.011473;0.011473;1;0.000502;0;0;0;0.037492
1;Recovered;0;67;67;5;0.455031;0.514481;12757.053456;0.247249;0.247248;1;0.016502;0;0.109;241;0.826409
3;Recovered;0;3;3;6;0.34044;0.364742;59.754483;0.025409;0.025409;8;0.001005;0;0.666667;2;0.087223
1225;Recovered;0;10;10;5;0.376566;0.40711;1205.045822;0.053568;0.053569;8;0.002845;0;0.2;9;0.186706
1103;Recovered;0;4;4;6;0.307646;0.322766;175.691644;0.00541;0.00541;4;0.001382;0;0;0;0.02235
4;Failed;6;1;1;8;0.208827;0.219539;0;0.000104;0.000104;8;0.000807;0;0;0;0.001355
2554;Recovered;0;4;4;6;0.287563;0.302707;2.635155;0.008088;0.008088;5;0.000636;0;0.333333;1;0.027841
6;Recovered;0;1;1;6;0.312921;0.330267;0;0.011473;0.011473;1;0.000502;0;0;0;0.037492
2553;Recovered;0;3;3;7;0.25385;0.266247;86.47742;0.001163;0.001163;0;0.001541;0;0;0;0.005459
1221;Recovered;0;2;2;6;0.32098;0.342107;7.21636;0.01481;0.01481;5;0.000757;0;0;0;0.050296
7;Recovered;0;2;2;6;0.321991;0.343183;81.725265;0.01295;0.01295;9;0.000809;0;0;0;0.044906
8;Recovered;0;2;2;7;0.261114;0.273926;6.826033;0.001798;0.001798;8;0.000978;0;0;0;0.007231
10780;Recovered;0;2;2;6;0.289354;0.303947;7.728571;0.006626;0.006626;0;0.000757;0;0;0;0.022122
9;Recovered;0;1;1;7;0.26232;0.274401;0;0.001652;0.001652;9;0.000561;0;0;0;0.006463
803;Recovered;0;3;3;6;0.325478;0.346217;22.998449;0.015621;0.015621;2;0.001044;0;0.333333;1;0.053388
2572;Recovered;0;2;2;6;0.335522;0.358904;0;0.022838;0.022839;2;0.00075;0;1;1;0.076984
1239;Recovered;0;88;88;5;0.470968;0.540411;23587.823922;0.278372;0.278371;2;0.022856;0;0.073929;283;0.936141
10513;Recovered;0;2;2;5;0.344804;0.370222;0;0.025444;0.025445;9;0.000743;0;1;1;0.089611
5719;Failed;5;1;1;7;0.245791;0.255386;0;0.000642;0.000642;9;0.000676;0;0;0;0.002807
10637;Recovered;0;2;2;6;0.326518;0.348206;510;0.012831;0.012831;5;0.001222;0;0;0;0.047454
2687;Recovered;0;2;2;6;0.298133;0.313536;1.740109;0.012742;0.012742;2;0.000712;0;0;0;0.040125
1113;Failed;7;1;1;7;0.210896;0.219225;0;0.000107;0.000107;7;0.000705;0;0;0;0.001235
2686;Recovered;0;8;8;6;0.311395;0.333203;2082.684601;0.010216;0.010216;4;0.003076;0;0.071429;2;0.04349
2685;Recovered;0;14;14;5;0.404272;0.436921;2729.621638;0.113481;0.113481;2;0.00359;0;0.483516;44;0.37763
4983;Failed;11;3;3;6;0.258996;0.268754;0;0.001196;0.001196;2;0.00055;0;1;1;0.005286
6922;Recovered;0;8;8;6;0.346206;0.374918;1067.185485;0.035094;0.035094;8;0.001935;0;0.285714;6;0.124931
814;Recovered;0;4;4;6;0.329253;0.353262;332.056171;0.014295;0.014295;2;0.001177;0;0.166667;1;0.054392
815;Recovered;0;3;3;7;0.249634;0.262902;1.10049;0.001633;0.001633;2;0.001024;0;0.666667;2;0.008198
10994;Recovered;0;5;5;6;0.322194;0.34514;5.037258;0.020887;0.020887;0;0.000917;0;0.333333;2;0.073606
816;Recovered;0;4;4;6;0.328829;0.352772;717.169661;0.013267;0.013267;2;0.001413;0;0.166667;1;0.05084
6805;Recovered;0;6;6;6;0.283102;0.306458;188.118274;0.004733;0.004733;4;0.001946;0;0.2;3;0.024895
5957;Recovered;0;1;1;7;0.268947;0.281167;0;0.003505;0.003504;1;0.000566;0;0;0;0.011557
3794;Failed;2;1;1;7;0.257301;0.268987;0;0.001629;0.001628;8;0.000499;0;0;0;0.00609
3549;Recovered;0;10;10;5;0.388298;0.418558;520.526969;0.098404;0.098404;6;0.00269;0;0.733333;33;0.324535
1249;Recovered;0;2;2;6;0.335302;0.359132;103.49323;0.014822;0.014823;8;0.000787;0;0;0;0.053854
3305;Recovered;0;3;3;6;0.274731;0.292042;143.155342;0.002542;0.002542;7;0.001076;0;0.333333;1;0.012834
7908;Failed;13;2;2;7;0.205882;0.213955;510;0.000056;0.000056;3;0.001185;0;0;0;0.00157
3303;Recovered;0;5;5;6;0.291833;0.312883;548.347244;0.006686;0.006686;4;0.001799;0;0.2;2;0.02974
3302;Recovered;0;2;2;6;0.272388;0.288454;0;0.002304;0.002304;4;0.000836;0;1;1;0.011702
3301;Failed;4;1;1;7;0.224123;0.23393;0;0.000296;0.000296;4;0.000607;0;0;0;0.002155
3300;Recovered;0;26;26;5;0.373265;0.415297;6475.990342;0.042956;0.042957;4;0.007246;0;0.063333;19;0.178698
701;Recovered;0;106;106;5;0.483444;0.559752;33456.556894;0.275913;0.275911;5;0.029703;0;0.047436;259;1
702;Recovered;0;15;15;5;0.359353;0.39227;3341.400622;0.035679;0.035679;4;0.004485;0;0.12381;13;0.135641
5723;Recovered;0;2;2;6;0.330103;0.351435;59.754483;0.013655;0.013655;8;0.000785;0;0;0;0.048557
6813;Recovered;0;5;5;6;0.323828;0.345727;924.747805;0.01282;0.01282;3;0.000888;0;0.333333;2;0.048032
3789;Recovered;0;3;3;6;0.321586;0.340639;33.480062;0.015461;0.015461;8;0.000904;0;0;0;0.052654
3669;Recovered;0;1;1;6;0.273555;0.286758;0;0.003141;0.003141;8;0.000522;0;0;0;0.011592
4637;Recovered;0;3;3;5;0.34976;0.37332;24.54012;0.027396;0.027397;5;0.000964;0;0.666667;2;0.096373
5727;Recovered;0;7;7;5;0.352901;0.383986;267.491292;0.046736;0.046736;5;0.002072;0;0.333333;7;0.159594
10643;Recovered;0;1;1;6;0.320376;0.339824;0;0.012917;0.012918;2;0.000514;0;0;0;0.043029
5620;Recovered;0;1;1;6;0.271953;0.286823;0;0.001993;0.001993;4;0.00053;0;0;0;0.009639
10609;Recovered;0;2;2;6;0.32098;0.341455;26.313035;0.013569;0.01357;5;0.00081;0;0;0;0.045884
3320;Recovered;0;12;12;6;0.376844;0.407567;1097.575603;0.083539;0.08354;6;0.003127;0;0.409091;27;0.276945
3561;Recovered;0;92;92;5;0.468378;0.540672;22719.033386;0.272419;0.272417;9;0.022947;0;0.063067;264;0.923802
5739;Recovered;0;2;2;7;0.264083;0.285994;21.396799;0.003179;0.003179;8;0.000874;0;0;0;0.015125
3559;Failed;1;1;1;7;0.26381;0.27572;0;0.002184;0.002183;9;0.000485;0;0;0;0.007747
2588;Recovered;0;5;5;7;0.253976;0.264598;512.565909;0.000875;0.000875;4;0.001182;0;0.5;3;0.005713
1136;Recovered;0;4;4;6;0.277868;0.295336;101.616284;0.002424;0.002424;4;0.001524;0;0;0;0.013305
714;Recovered;0;2;2;6;0.314268;0.332714;12.591209;0.013291;0.013291;2;0.000814;0;0;0;0.044103
3676;Recovered;0;5;5;6;0.293341;0.313992;53.225478;0.005265;0.005265;8;0.001112;0;0.333333;2;0.024252
4766;Recovered;0;7;7;6;0.358094;0.387573;510;0.047054;0.047054;9;0.001584;0;0.466667;7;0.165843
10851;Recovered;0;1;1;6;0.308389;0.327723;0;0.009921;0.009921;9;0.000529;0;0;0;0.033955
6705;Recovered;0;3;3;6;0.29606;0.313112;26.926083;0.006497;0.006497;4;0.001141;0;0;0;0.026109
7915;Recovered;0;3;3;6;0.326935;0.349511;77.735813;0.01405;0.01405;5;0.001046;0;0;0;0.052007
1275;Recovered;0;6;6;5;0.339535;0.36347;681.089472;0.024556;0.024556;4;0.001346;0;0.3;3;0.088035
1273;Recovered;0;4;4;6;0.272388;0.292042;14.943554;0.004058;0.004058;4;0.001257;0;0.333333;2;0.021415
3450;Recovered;0;4;4;5;0.355602;0.381474;77.373189;0.037821;0.037821;8;0.001297;0;0.5;3;0.12976
1270;Recovered;0;2;2;6;0.295035;0.309524;10.075668;0.005551;0.005551;4;0.000795;0;0;0;0.020923
6719;Recovered;0;1;1;7;0.274436;0.286548;0;0.004051;0.004051;4;0.000523;0;0;0;0.013084
3447;Recovered;0;2;2;6;0.321586;0.342107;295.537621;0.012971;0.012971;0;0.00095;0;0;0;0.0439
2477;Failed;5;1;1;8;0.199765;0.206567;0;0.000045;0.000045;4;0.000869;0;0;0;0.001024
721;Recovered;0;9;9;6;0.279082;0.296934;3051.010905;0.004602;0.004602;1;0.003663;0;0.25;7;0.019617
600;Recovered;0;7;7;5;0.361386;0.388845;561.577208;0.037753;0.037753;8;0.001628;0;0.333333;5;0.138039
7922;Recovered;0;12;12;6;0.349521;0.380691;398.304113;0.047974;0.047974;9;0.002525;0;0.075758;5;0.161668
5746;Recovered;0;2;2;7;0.264493;0.277025;49.431734;0.00365;0.00365;8;0.000967;0;0;0;0.012026
7925;Recovered;0;1;1;6;0.326101;0.346902;0;0.012803;0.012803;5;0.000531;0;0;0;0.046822
4657;Recovered;0;2;2;6;0.263538;0.277071;1.033333;0.002328;0.002328;5;0.000811;0;0;0;0.009098
7927;Recovered;0;2;2;7;0.280154;0.293691;9.024307;0.004521;0.004521;4;0.000698;0;0;0;0.015307
7806;Recovered;0;2;2;6;0.308761;0.329028;6.776818;0.011674;0.011674;9;0.000704;0;0;0;0.040154
5641;Recovered;0;3;3;6;0.283574;0.29775;6.504701;0.005392;0.005392;5;0.001005;0;0;0;0.018453
6852;Recovered;0;2;2;7;0.277416;0.290625;17.705246;0.004229;0.004229;4;0.000847;0;0;0;0.014536
6730;Recovered;0;1;1;6;0.264493;0.276745;0;0.001656;0.001656;4;0.000547;0;0;0;0.007117
5400;Recovered;0;6;6;5;0.337517;0.362394;785.678261;0.02616;0.02616;6;0.001634;0;0.266667;4;0.091088
6851;Failed;26;1;1;8;0.202617;0.208184;0;0.000041;0.000041;4;0.000494;0;0;0;0.000955
3464;Recovered;0;5;5;6;0.319975;0.341944;51.066017;0.013889;0.013889;5;0.001118;0;0.333333;2;0.051049
3343;Failed;13;2;2;7;0.236465;0.245061;510;0.000475;0.000475;4;0.0015;0;0;0;0.002567
3463;Recovered;0;1;1;6;0.320376;0.339824;0;0.012917;0.012918;2;0.000514;0;0;0;0.043029
2493;Recovered;0;2;2;6;0.286917;0.300098;125.294235;0.005245;0.005245;10;0.000966;0;0;0;0.017331
3582;Recovered;0;2;2;6;0.312347;0.329191;0;0.013428;0.013428;8;0.000782;0;1;1;0.043253
1280;Recovered;0;3;3;6;0.328829;0.352283;14.383469;0.01992;0.01992;9;0.000886;0;0;0;0.070527
3339;Recovered;0;2;2;7;0.237785;0.24808;510;0.000475;0.000475;4;0.001361;0;0;0;0.003406
3215;Recovered;0;5;5;6;0.295889;0.31197;80.005972;0.007064;0.007064;4;0.001021;0;0.333333;2;0.027881
852;Recovered;0;7;7;6;0.323828;0.347326;614.022809;0.015413;0.015413;2;0.001345;0;0.4;6;0.057604
854;Recovered;0;2;2;6;0.265731;0.278571;101.816664;0.002035;0.002035;10;0.000987;0;0;0;0.007938
10838;Recovered;0;5;5;5;0.345504;0.371853;427.582851;0.025517;0.025517;10;0.00111;0;0.333333;2;0.095193
3333;Recovered;0;14;14;6;0.331603;0.360535;1561.507072;0.022529;0.022529;4;0.004025;0;0.131868;12;0.089666
5511;Recovered;0;5;5;6;0.329677;0.351729;2407.014361;0.020753;0.020753;4;0.001736;0;0.1;1;0.070023
6606;Recovered;0;2;2;6;0.308761;0.329028;9.599795;0.011131;0.011131;9;0.000703;0;0;0;0.038542
5650;Recovered;0;2;2;6;0.320778;0.341129;33.473475;0.013407;0.013407;2;0.000902;0;0;0;0.045147
4200;Recovered;0;16;16;5;0.398907;0.432909;2102.248915;0.108297;0.108298;7;0.004378;0;0.358333;43;0.360142
4201;Recovered;0;2;2;6;0.288864;0.308611;28.028644;0.003941;0.003941;8;0.000855;0;0;0;0.01728
5653;Recovered;0;4;4;7;0.249756;0.262497;3.366667;0.001154;0.001154;8;0.000895;0;0.666667;2;0.006502
3112;Recovered;0;2;2;7;0.262725;0.283385;58.08602;0.002267;0.002267;8;0.000957;0;0;0;0.011969
3354;Recovered;0;5;5;6;0.319975;0.338519;133.830678;0.013513;0.013513;8;0.001039;0;0.333333;2;0.048725
3352;Recovered;0;6;6;6;0.281698;0.299804;502.716852;0.002661;0.002661;3;0.001187;0;0.3;3;0.015543
2381;Recovered;0;4;4;6;0.279847;0.296119;402.205878;0.003371;0.003371;8;0.001783;0;0.166667;1;0.014814
5409;Recovered;0;7;7;6;0.344108;0.367776;1158.250795;0.027327;0.027327;4;0.002056;0;0.142857;3;0.09721
10725;Recovered;0;4;4;6;0.314075;0.332322;38.124327;0.011745;0.011745;1;0.000812;0;0.333333;1;0.041274
8918;Recovered;0;5;5;6;0.330744;0.353359;214.880195;0.015929;0.015929;7;0.001304;0;0;0;0.058785
2497;Recovered;0;28;28;5;0.402679;0.444651;1824.649276;0.161108;0.161108;6;0.006626;0;0.314815;119;0.52686
3344;Recovered;0;4;4;7;0.26259;0.278981;40.754557;0.002894;0.002894;4;0.00138;0;0.333333;2;0.015182
6735;Failed;49;1;1;7;0.214076;0.22202;0;0.000093;0.000093;4;0.000811;0;0;0;0.001055
5646;Recovered;0;18;18;5;0.376289;0.412329;2929.244271;0.067695;0.067695;8;0.004854;0;0.117647;16;0.244712
4557;Recovered;0;4;4;7;0.26381;0.286744;202.717579;0.002435;0.002435;8;0.00179;0;0;0;0.013827
10721;Recovered;0;5;5;6;0.34044;0.364971;62.009828;0.026075;0.026075;9;0.001025;0;0.333333;2;0.092607
6859;Recovered;0;3;3;6;0.33053;0.353914;3.235443;0.020715;0.020715;5;0.000998;0;0.666667;2;0.073625
4694;Recovered;0;4;4;6;0.326518;0.348206;57.169896;0.013179;0.013179;5;0.000666;0;0.333333;1;0.051403
10490;Recovered;0;5;5;6;0.291833;0.314612;511.926743;0.004227;0.004227;0;0.001912;0;0;0;0.020294
6510;Failed;2;2;2;7;0.252097;0.263899;13.145425;0.000872;0.000872;8;0.001057;0;0;0;0.004103
2033;Failed;2;1;1;7;0.239794;0.248472;0;0.000832;0.000832;6;0.000619;0;0;0;0.003115
3360;Recovered;0;4;4;6;0.314075;0.332551;45.926213;0.011723;0.011724;5;0.000787;0;0.333333;1;0.041207
2150;Recovered;0;5;5;5;0.349521;0.372994;29.940422;0.027067;0.027067;6;0.000901;0;0.333333;2;0.099536
3480;Failed;17;3;3;6;0.253347;0.263601;0;0.001129;0.001129;1;0.000547;0;1;1;0.005012
6509;Recovered;0;5;5;6;0.330744;0.354664;404.628359;0.014961;0.014961;2;0.001662;0;0.1;1;0.055087
2027;Failed;28;1;1;7;0.243218;0.252581;0;0.000631;0.000631;2;0.000708;0;0;0;0.002593
3479;Recovered;0;3;3;5;0.339084;0.363275;510;0.024329;0.024329;1;0.000896;0;0.333333;1;0.085102
3599;Failed;23;1;1;7;0.246503;0.256313;0;0.000597;0.000597;5;0.000856;0;0;0;0.002702
1299;Recovered;0;6;6;6;0.288701;0.310568;1044.503068;0.006387;0.006387;4;0.002213;0;0.066667;1;0.029773
513;Recovered;0;7;7;6;0.339761;0.364938;586.086252;0.025738;0.025738;7;0.001581;0;0.266667;4;0.092532
4565;Recovered;0;12;12;5;0.401099;0.433235;419.204472;0.119308;0.119309;6;0.003017;0;0.757576;50;0.39331
5413;Recovered;0;3;3;6;0.303264;0.31833;8.789097;0.007155;0.007155;4;0.000981;0;0.333333;1;0.027224
6988;Recovered;0;1;1;6;0.308389;0.327723;0;0.009921;0.009921;9;0.000529;0;0;0;0.033955
517;Recovered;0;3;3;6;0.31838;0.335714;13.816775;0.015846;0.015846;6;0.000952;0;0.333333;1;0.054249
5418;Recovered;0;2;2;6;0.265041;0.278539;20.160752;0.001713;0.001713;4;0.0009;0;0;0;0.008106
11589;Recovered;0;4;4;6;0.333333;0.357469;0;0.022562;0.022562;9;0.000741;0;0.333333;1;0.080793
8820;Recovered;0;2;2;6;0.272243;0.288128;510;0.001998;0.001998;4;0.00122;0;0;0;0.010214
5430;Recovered;0;3;3;6;0.28724;0.302805;513.45108;0.004186;0.004186;4;0.001443;0;0;0;0.01638
5551;Recovered;0;6;6;6;0.303084;0.321396;1034.223735;0.00684;0.00684;4;0.002372;0;0.133333;2;0.02863
6762;Recovered;0;3;3;6;0.308203;0.323222;533.267435;0.006162;0.006162;4;0.001321;0;0;0;0.024886
5673;Recovered;0;3;3;6;0.289683;0.303686;187.267512;0.00585;0.005849;1;0.001091;0;0;0;0.02004
11351;Recovered;0;5;5;6;0.321788;0.34439;96.462287;0.015509;0.015509;9;0.001067;0;0.333333;2;0.056448
7853;Recovered;0;4;4;6;0.333333;0.357469;0;0.022562;0.022562;9;0.000741;0;0.333333;1;0.080793
10261;Recovered;0;2;2;7;0.253724;0.266685;2.277778;0.001067;0.001067;10;0.000971;0;0;0;0.005078
3254;Recovered;0;1;1;7;0.273848;0.285309;0;0.003877;0.003877;6;0.000515;0;0;0;0.012539
3493;Recovered;0;4;4;6;0.327985;0.351631;1000.209533;0.012941;0.012942;10;0.001593;0;0;0;0.04929
2041;Recovered;0;3;3;6;0.337294;0.360046;338.115111;0.024753;0.024753;0;0.001088;0;0.333333;1;0.082562
3491;Recovered;0;11;11;5;0.386536;0.417254;530.973461;0.086546;0.086546;5;0.002833;0;0.527273;29;0.288964
3128;Recovered;0;3;3;7;0.263674;0.285439;204.621837;0.00235;0.00235;8;0.00141;0;0.333333;1;0.01311
400;Recovered;0;2;2;7;0.218469;0.227681;510;0.000214;0.000214;1;0.001391;0;0;0;0.002305
6755;Recovered;0;3;3;6;0.334205;0.359426;43.366787;0.023252;0.023253;2;0.001022;0;0.333333;1;0.07959
11232;Recovered;0;2;2;5;0.344804;0.370222;0;0.025444;0.025445;5;0.000743;0;1;1;0.089611
7843;Recovered;0;2;2;5;0.348805;0.371363;0;0.025721;0.025721;2;0.000752;0;1;1;0.089851
5666;Recovered;0;1;1;6;0.319176;0.339335;0;0.012641;0.012641;9;0.000505;0;0;0;0.042789
11110;Recovered;0;1;1;6;0.308389;0.327723;0;0.009921;0.009921;9;0.000529;0;0;0;0.033955
5424;Recovered;0;4;4;6;0.29692;0.312524;8.841775;0.005946;0.005946;4;0.000745;0;0;0;0.024788
7725;Recovered;0;5;5;6;0.333551;0.358447;7.757074;0.026341;0.026341;9;0.000893;0;0.333333;2;0.092606
6878;Recovered;0;2;2;6;0.262725;0.274918;10.371973;0.001359;0.001359;4;0.00076;0;0;0;0.006428
8933;Recovered;0;5;5;6;0.26712;0.283692;90.527832;0.002088;0.002088;4;0.00175;0;0;0;0.011292
5427;Recovered;0;2;2;6;0.295718;0.311807;11.029648;0.005889;0.005889;4;0.000778;0;0;0;0.023446
5548;Failed;2;2;2;7;0.220354;0.230398;7.871176;0.00018;0.00018;3;0.000835;0;0;0;0.002287
11235;Recovered;0;2;2;6;0.314075;0.334932;0;0.015941;0.015941;0;0.000762;0;1;1;0.053256
5549;Recovered;0;2;2;6;0.286917;0.3015;3.45108;0.004177;0.004177;4;0.000846;0;0;0;0.015793
4592;Recovered;0;2;2;6;0.336849;0.362231;0;0.022724;0.022724;5;0.000767;0;1;1;0.080777
4230;Recovered;0;3;3;6;0.327774;0.350652;117.03633;0.014125;0.014125;2;0.001226;0;0;0;0.05226
6770;Recovered;0;2;2;7;0.222464;0.23277;10.667857;0.000195;0.000195;7;0.001044;0;0;0;0.002337
6410;Recovered;0;4;4;6;0.336849;0.362231;0;0.022724;0.022724;9;0.000767;0;0.333333;1;0.085026
8831;Recovered;0;2;2;6;0.271664;0.28578;16.000225;0.002634;0.002634;4;0.000818;0;0;0;0.010394
5683;Recovered;0;11;11;5;0.397047;0.429061;1595.241703;0.102171;0.102171;6;0.002843;0;0.636364;35;0.341168
4231;Recovered;0;3;3;5;0.349282;0.372668;510;0.025776;0.025776;2;0.001319;0;0.333333;1;0.090554
6654;Recovered;0;1;1;6;0.286114;0.298141;0;0.005206;0.005206;10;0.000523;0;0;0;0.016573
6411;Failed;1;1;1;6;0.26698;0.278213;0;0.001818;0.001818;2;0.000604;0;0;0;0.006611
3257;Recovered;0;19;19;5;0.397047;0.434638;4661.754794;0.083945;0.083945;4;0.005547;0;0.122807;21;0.292188
5676;Recovered;0;4;4;6;0.322194;0.342531;0;0.018183;0.018183;2;0.000732;0;0.666667;2;0.063125
11563;Recovered;0;2;2;6;0.259259;0.271755;1;0.001556;0.001556;10;0.000864;0;0;0;0.006358
6406;Recovered;0;1;1;6;0.31838;0.334932;0;0.011754;0.011754;8;0.000514;0;0;0;0.038666
5691;Recovered;0;1;1;6;0.312921;0.330267;0;0.011473;0.011473;1;0.000502;0;0;0;0.037492
7992;Recovered;0;2;2;7;0.248299;0.260097;1.5;0.00073;0.00073;2;0.000967;0;0;0;0.003951
6660;Recovered;0;5;5;5;0.354615;0.379322;207.125458;0.040505;0.040505;5;0.001447;0;0.6;6;0.13742
11690;Recovered;0;2;2;5;0.348805;0.371363;0;0.025721;0.025721;2;0.000752;0;1;1;0.089851
4000;Recovered;0;15;15;6;0.377959;0.411089;2593.33351;0.087299;0.087299;4;0.00405;0;0.257143;27;0.287512
6541;Recovered;0;1;1;6;0.326101;0.346902;0;0.012803;0.012803;5;0.000531;0;0;0;0.046822
10482;Recovered;0;4;4;7;0.245791;0.257865;0;0.001069;0.001069;2;0.000637;0;1;3;0.006455
5696;Recovered;0;12;12;6;0.358596;0.388389;1007.25115;0.077784;0.077784;6;0.003168;0;0.378788;25;0.250894
6301;Recovered;0;3;3;5;0.348093;0.375016;0;0.034197;0.034198;5;0.000977;0;1;3;0.118269
302;Recovered;0;2;2;7;0.261114;0.273926;6.826033;0.001798;0.001798;8;0.000978;0;0;0;0.007231
3148;Recovered;0;2;2;7;0.229251;0.24049;0;0.000265;0.000265;8;0.001071;0;1;1;0.002634
786;Recovered;0;6;6;6;0.310827;0.328408;833.479972;0.006655;0.006655;4;0.002144;0;0.066667;1;0.029287
424;Failed;1;1;1;7;0.218283;0.226377;0;0.000214;0.000214;1;0.000639;0;0;0;0.001743
3388;Recovered;0;3;3;6;0.281698;0.303653;69.237771;0.003752;0.003752;10;0.001112;0;0;0;0.017275
668;Recovered;0;14;14;5;0.388593;0.422962;1501.098585;0.096849;0.09685;1;0.003808;0;0.494505;45;0.319658
5568;Failed;64;1;1;8;0.191314;0.196228;0;0.000022;0.000022;4;0.00093;0;0;0;0.000694
549;Recovered;0;3;3;6;0.27037;0.284736;511.009524;0.00271;0.00271;2;0.001412;0;0;0;0.010937
8959;Recovered;0;2;2;6;0.313497;0.331898;28.95521;0.011719;0.011719;1;0.000662;0;0;0;0.039058
4130;Recovered;0;1;1;7;0.26232;0.274401;0;0.001652;0.001652;9;0.000561;0;0;0;0.006463
6793;Failed;4;1;1;7;0.224123;0.23393;0;0.000296;0.000296;4;0.000607;0;0;0;0.002155
5583;Recovered;0;4;4;7;0.283102;0.299856;93.054199;0.005303;0.005303;4;0.001278;0;0.333333;2;0.020551
6433;Recovered;0;1;1;6;0.308389;0.327723;0;0.009921;0.009921;9;0.000529;0;0;0;0.033955
11427;Recovered;0;1;1;6;0.319176;0.339335;0;0.012641;0.012641;9;0.000505;0;0;0;0.042789
11426;Recovered;0;1;1;6;0.319176;0.339335;0;0.012641;0.012641;9;0.000505;0;0;0;0.042789
679;Recovered;0;1;1;7;0.237564;0.246776;0;0.000474;0.000474;4;0.00062;0;0;0;0.002843
7756;Recovered;0;4;4;6;0.313305;0.331572;9.437074;0.012191;0.012191;8;0.000759;0;0.333333;1;0.042699
4004;Recovered;0;4;4;6;0.321586;0.343738;82.51724;0.014877;0.014877;2;0.00132;0;0;0;0.051328
6545;Recovered;0;4;4;6;0.309697;0.330007;64.320169;0.010131;0.010131;4;0.000826;0;0.333333;1;0.037376
559;Recovered;0;2;2;6;0.327564;0.349511;255.994576;0.012891;0.012892;7;0.000871;0;0;0;0.047923
4005;Recovered;0;3;3;6;0.321182;0.342433;529.917382;0.013602;0.013602;2;0.001463;0;0;0;0.046532
6669;Recovered;0;2;2;6;0.253221;0.264775;120.683507;0.001222;0.001222;3;0.000879;0;0;0;0.005319
7757;Recovered;0;4;4;6;0.320175;0.341618;3.874921;0.014867;0.014867;9;0.000684;0;0.333333;1;0.053451
5459;Recovered;0;21;21;6;0.322805;0.358121;1424.399512;0.022938;0.022938;4;0.005899;0;0.1;21;0.097146
7515;Recovered;0;5;5;5;0.363701;0.390705;147.918276;0.04776;0.04776;6;0.001516;0;0.6;6;0.162636
8966;Recovered;0;4;4;6;0.319775;0.340965;40.218922;0.012887;0.012887;1;0.000665;0;0.333333;1;0.046988
8608;Recovered;0;2;2;7;0.249756;0.262119;0;0.001292;0.001292;4;0.000809;0;1;1;0.006694
4129;Recovered;0;5;5;6;0.350721;0.376973;0;0.03548;0.03548;9;0.000962;0;0.5;3;0.125758
11423;Recovered;0;4;4;7;0.269942;0.292974;132.97345;0.003374;0.003374;8;0.001424;0;0;0;0.016697
10455;Recovered;0;1;1;6;0.302725;0.317808;0;0.010278;0.010278;6;0.000505;0;0;0;0.032029
11422;Recovered;0;4;4;7;0.26381;0.286646;1086.199609;0.002242;0.002242;8;0.002417;0;0;0;0.013087
7770;Recovered;0;2;2;7;0.261247;0.273469;2.333333;0.001755;0.001755;0;0.000832;0;0;0;0.006901
6681;Recovered;0;2;2;8;0.206548;0.214852;16.258333;0.00006;0.00006;4;0.001371;0;0;0;0.001743
6320;Recovered;0;4;4;6;0.316017;0.335062;432.062728;0.017771;0.017771;6;0.001399;0;0.166667;1;0.058069
6683;Recovered;0;2;2;7;0.238451;0.247656;190.064007;0.000312;0.000312;4;0.001179;0;0;0;0.002793
5594;Recovered;0;7;7;6;0.298656;0.31546;544.856335;0.011184;0.011184;7;0.001684;0;0.333333;5;0.040497
6443;Recovered;0;1;1;6;0.308389;0.327723;0;0.009921;0.009921;9;0.000529;0;0;0;0.033955
8743;Recovered;0;3;3;6;0.290176;0.30923;6.028122;0.004325;0.004325;4;0.000949;0;0.666667;2;0.020726
6200;Recovered;0;3;3;6;0.330744;0.353196;29.923117;0.017077;0.017077;8;0.001025;0;0.333333;1;0.061324
10349;Failed;50;1;1;7;0.246265;0.255824;0;0.000595;0.000595;5;0.000812;0;0;0;0.002615
685;Recovered;0;5;5;6;0.332899;0.354925;293.791383;0.024671;0.024671;8;0.000902;0;0.333333;2;0.085362
568;Recovered;0;10;10;5;0.380208;0.410339;3460.496118;0.094396;0.094396;6;0.00257;0;0.777778;35;0.306277
5588;Recovered;0;4;4;6;0.332899;0.355479;0;0.014853;0.014854;5;0.000735;0;0.333333;1;0.059293
4017;Failed;5;1;1;7;0.245791;0.255386;0;0.000642;0.000642;9;0.000676;0;0;0;0.002807
209;Recovered;0;6;6;6;0.333333;0.352577;297.404568;0.032042;0.032042;6;0.001244;0;0.4;4;0.108018
6679;Recovered;0;4;4;6;0.271664;0.286628;299.816635;0.001899;0.001898;7;0.001597;0;0;0;0.0093
10466;Recovered;0;3;3;6;0.329677;0.350554;555.860532;0.013879;0.013879;8;0.001361;0;0;0;0.048742
8750;Recovered;0;2;2;6;0.326518;0.348206;39.07081;0.013105;0.013105;4;0.000855;0;0;0;0.048585
6570;Recovered;0;1;1;6;0.285315;0.297489;0;0.005025;0.005025;7;0.000526;0;0;0;0.016185
7543;Failed;2;3;3;7;0.239569;0.2502;519.415016;0.000583;0.000583;1;0.001821;0;0;0;0.003516
6696;Recovered;0;3;3;6;0.275769;0.293836;45.225596;0.003845;0.003845;4;0.001144;0;0.333333;1;0.017927
6453;Recovered;0;17;17;5;0.415447;0.448663;5967.073086;0.089539;0.08954;4;0.004469;0;0.183824;25;0.312239
8874;Recovered;0;1;1;6;0.268947;0.278735;0;0.001856;0.001856;4;0.000564;0;0;0;0.00675
3066;Recovered;0;2;2;6;0.313882;0.330822;0;0.01756;0.01756;6;0.000716;0;1;1;0.055812
10437;Recovered;0;4;4;5;0.338635;0.36197;0;0.024277;0.024277;1;0.000741;0;0.333333;1;0.088671
693;Recovered;0;3;3;6;0.330744;0.353196;29.923117;0.017077;0.017077;8;0.001025;0;0.333333;1;0.061324
210;Recovered;0;3;3;6;0.335742;0.360241;549.272819;0.015139;0.015139;8;0.001245;0;0;0;0.054851
10318;Failed;48;1;1;8;0.170789;0.175664;0;0.000003;0.000003;3;0.000797;0;0;0;0.000663
577;Recovered;0;9;9;5;0.359606;0.389465;1785.143583;0.043303;0.043303;2;0.002619;0;0.222222;8;0.148657
7657;Recovered;0;3;3;7;0.228227;0.238803;21.353973;0.000831;0.000831;1;0.001438;0;0;0;0.00432
217;Recovered;0;3;3;6;0.328829;0.35075;10.150397;0.01683;0.01683;8;0.000973;0;0.666667;2;0.059882
6327;Recovered;0;9;9;6;0.289847;0.308513;256.703989;0.007631;0.007631;2;0.00191;0;0.357143;10;0.031944
10796;Recovered;0;4;4;6;0.321182;0.342857;0;0.018661;0.018661;0;0.000738;0;0.333333;1;0.065439
10311;Recovered;0;1;1;6;0.302725;0.317808;0;0.010278;0.010278;6;0.000505;0;0;0;0.032029
6461;Recovered;0;18;18;5;0.407171;0.443183;2098.494437;0.126969;0.12697;6;0.004549;0;0.392157;60;0.420295
8761;Failed;26;1;1;7;0.235701;0.242699;0;0.000286;0.000286;4;0.000667;0;0;0;0.001711
6463;Recovered;0;3;3;6;0.268241;0.281963;66.999204;0.002473;0.002473;2;0.001318;0;0;0;0.009976
6223;Recovered;0;2;2;6;0.328195;0.350815;0;0.018823;0.018823;0;0.000765;0;1;1;0.066123
5496;Recovered;0;5;5;6;0.331388;0.354762;202.763297;0.024456;0.024456;9;0.000881;0;0.333333;2;0.085521
6467;Recovered;0;6;6;6;0.351686;0.381083;81.365706;0.051439;0.051439;7;0.001547;0;0.6;9;0.170326
10680;Recovered;0;2;2;6;0.279235;0.298728;35.194444;0.002781;0.002781;8;0.000978;0;0;0;0.013709
7314;Recovered;0;2;2;6;0.326518;0.348206;40.21742;0.013292;0.013292;9;0.000708;0;0;0;0.049103
5377;Recovered;0;5;5;6;0.306171;0.320222;451.398848;0.005851;0.005851;4;0.000972;0;0.333333;2;0.024459
5378;Recovered;0;4;4;6;0.291833;0.310241;21.840786;0.005661;0.005661;4;0.001261;0;0.333333;2;0.026237
6580;Recovered;0;2;2;6;0.333333;0.357469;0;0.022562;0.022562;9;0.000741;0;1;1;0.076745
101;Recovered;0;2;2;7;0.263131;0.284037;65.948555;0.002267;0.002267;8;0.000755;0;0;0;0.012143
103;Recovered;0;1;1;6;0.273555;0.286758;0;0.003141;0.003141;8;0.000522;0;0;0;0.011592
224;Recovered;0;1;1;7;0.235919;0.243318;0;0.000301;0.000301;4;0.000622;0;0;0;0.001959
225;Recovered;0;2;2;7;0.2708;0.291897;7.270238;0.003348;0.003348;8;0.00089;0;0;0;0.015408
104;Recovered;0;4;4;6;0.273408;0.296151;69.254861;0.003585;0.003585;8;0.001545;0;0.333333;2;0.017783
226;Recovered;0;7;7;6;0.324444;0.345695;53.243045;0.029003;0.029003;6;0.001223;0;0.4;6;0.099119
10561;Recovered;0;2;2;5;0.338635;0.36197;0;0.024277;0.024277;1;0.000741;0;1;1;0.084314
5006;Recovered;0;8;8;5;0.37908;0.407436;92.104673;0.06237;0.062371;8;0.00167;0;0.571429;12;0.222138
6459;Recovered;0;1;1;6;0.320376;0.339824;0;0.012917;0.012918;2;0.000514;0;0;0;0.043029
10562;Recovered;0;4;4;6;0.308761;0.329028;17.196898;0.010538;0.010538;9;0.00083;0;0.333333;1;0.038919
4293;Recovered;0;1;1;6;0.319176;0.339335;0;0.012641;0.012641;9;0.000505;0;0;0;0.042789
6350;Recovered;0;2;2;6;0.289683;0.302446;1.795853;0.005276;0.005276;8;0.000708;0;0;0;0.017811
5384;Recovered;0;5;5;6;0.294355;0.307958;21.34175;0.005297;0.005297;1;0.000939;0;0.333333;2;0.021043
11060;Recovered;0;1;1;6;0.319176;0.339335;0;0.012641;0.012641;9;0.000505;0;0;0;0.042789
6113;Recovered;0;7;7;5;0.366308;0.393444;414.219357;0.068052;0.068053;6;0.001978;0;0.714286;15;0.22428
5388;Recovered;0;5;5;6;0.277115;0.29863;58.40062;0.005428;0.005428;4;0.001551;0;0.2;2;0.026779
6356;Failed;5;2;2;7;0.250245;0.261075;74.669247;0.000608;0.000608;0;0.00117;0;0;0;0.003428
6470;Recovered;0;1;1;6;0.308389;0.327723;0;0.009921;0.009921;9;0.000529;0;0;0;0.033955
592;Recovered;0;1;1;7;0.268947;0.281167;0;0.003505;0.003504;1;0.000566;0;0;0;0.011557
111;Recovered;0;2;2;6;0.345037;0.368558;210.723644;0.014985;0.014985;8;0.000814;0;0;0;0.057887
234;Recovered;0;3;3;6;0.313882;0.332127;67.197373;0.0143;0.0143;8;0.001104;0;0.333333;1;0.046989
114;Recovered;0;6;6;6;0.342723;0.369341;1355.688189;0.036318;0.036318;8;0.002149;0;0.2;3;0.121255
237;Recovered;0;8;8;6;0.348805;0.37756;266.362159;0.033442;0.033442;8;0.001625;0;0.333333;7;0.122127
239;Failed;18;1;1;7;0.212917;0.220143;0;0.000126;0.000126;2;0.000693;0;0;0;0.0011
8527;Failed;1;2;2;7;0.235375;0.244721;0;0.000637;0.000637;7;0.000802;0;1;1;0.003675
6347;Recovered;0;6;6;5;0.36396;0.392237;1046.183621;0.039178;0.039178;2;0.002197;0;0.2;3;0.136875
6122;Recovered;0;2;2;6;0.324239;0.344292;50.850759;0.012886;0.012886;8;0.000694;0;0;0;0.044595
13;Recovered;0;2;2;6;0.283102;0.297554;0;0.007999;0.007999;1;0.000798;0;1;1;0.025978
6484;Recovered;0;6;6;6;0.320577;0.343575;719.552581;0.013058;0.013058;0;0.001625;0;0.3;3;0.048597
7212;Recovered;0;2;2;6;0.294185;0.308806;34.218564;0.006216;0.006216;0;0.000851;0;0;0;0.021001
16;Recovered;0;1;1;6;0.31838;0.334932;0;0.011754;0.011754;8;0.000514;0;0;0;0.038666
7333;Recovered;0;4;4;6;0.320778;0.341129;6.564307;0.015304;0.015305;7;0.000733;0;0.333333;1;0.053743
17;Recovered;0;1;1;6;0.326101;0.346902;0;0.012803;0.012803;5;0.000531;0;0;0;0.046822
8543;Recovered;0;4;4;6;0.257951;0.268787;14.988857;0.001392;0.001392;4;0.000711;0;0.666667;2;0.007436
18;Recovered;0;2;2;7;0.263266;0.283972;18.357218;0.002808;0.002808;8;0.000752;0;0;0;0.013777
7570;Recovered;0;1;1;7;0.247578;0.25814;0;0.000921;0.000921;5;0.000548;0;0;0;0.004028
6360;Recovered;0;1;1;6;0.326101;0.346902;0;0.012803;0.012803;5;0.000531;0;0;0;0.046822
5392;Recovered;0;2;2;6;0.28468;0.299022;510;0.003904;0.003904;4;0.001237;0;0;0;0.014384
127;Recovered;0;4;4;6;0.293341;0.307175;1.2;0.007492;0.007492;6;0.000664;0;0.333333;1;0.026132
7569;Recovered;0;1;1;7;0.247578;0.25814;0;0.000921;0.000921;5;0.000548;0;0;0;0.004028
11078;Recovered;0;2;2;6;0.320778;0.340672;18.70948;0.012459;0.012459;8;0.000787;0;0;0;0.043094
8415;Failed;52;1;1;7;0.246265;0.255824;0;0.000595;0.000595;5;0.000812;0;0;0;0.002615
1901;Recovered;0;2;2;6;0.305805;0.320841;510;0.009922;0.009922;6;0.001173;0;0;0;0.031766
22;Recovered;0;2;2;6;0.283102;0.297554;0;0.007999;0.007999;1;0.000798;0;1;1;0.025978
7462;Recovered;0;1;1;6;0.308389;0.327723;0;0.009921;0.009921;9;0.000529;0;0;0;0.033955
6251;Recovered;0;2;2;6;0.318777;0.336236;17.569193;0.012368;0.012368;8;0.000889;0;0;0;0.041151
24;Recovered;0;3;3;6;0.307091;0.327299;13.929545;0.010079;0.010079;8;0.000996;0;0.333333;1;0.037353
25;Recovered;0;3;3;6;0.320778;0.34015;80.060364;0.012909;0.012909;8;0.001115;0;0.333333;1;0.044225
26;Recovered;0;2;2;7;0.271664;0.293365;93.102335;0.002823;0.002823;9;0.000958;0;0;0;0.013872
7586;Recovered;0;3;3;6;0.291168;0.306099;330.677398;0.011467;0.011467;6;0.001129;0;0;0;0.036942
27;Recovered;0;1;1;6;0.288375;0.301663;0;0.00602;0.00602;0;0.000526;0;0;0;0.019301
29;Recovered;0;1;1;7;0.26232;0.281754;0;0.002181;0.002181;8;0.000575;0;0;0;0.011065
11042;Recovered;0;2;2;6;0.288212;0.301598;93.876374;0.005132;0.005132;7;0.000938;0;0;0;0.01742
4191;Recovered;0;2;2;6;0.324444;0.344618;90.347539;0.012808;0.012808;8;0.000833;0;0;0;0.044336
131;Recovered;0;2;2;6;0.322601;0.343933;55.647705;0.013639;0.013639;8;0.000804;0;0;0;0.046849
132;Recovered;0;2;2;6;0.283102;0.297554;0;0.007999;0.007999;1;0.000798;0;1;1;0.025978
497;Failed;1;1;1;7;0.218283;0.226377;0;0.000214;0.000214;1;0.000639;0;0;0;0.001743
255;Failed;1;1;1;7;0.218283;0.226377;0;0.000214;0.000214;1;0.000639;0;0;0;0.001743
378;Failed;44;1;1;8;0.192178;0.197857;0;0.000022;0.000022;4;0.000871;0;0;0;0.000745
32;Recovered;0;2;2;6;0.318182;0.336008;111.787898;0.01163;0.01163;8;0.000805;0;0;0;0.03899
33;Recovered;0;4;4;5;0.346911;0.372831;2.209856;0.043421;0.043421;6;0.00115;0;0.833333;5;0.144612
7473;Recovered;0;4;4;6;0.314268;0.333268;225.46593;0.014053;0.014053;5;0.001443;0;0;0;0.046462
11290;Failed;2;2;2;7;0.247698;0.259184;3;0.000844;0.000844;10;0.001042;0;0;0;0.004086
34;Recovered;0;2;2;6;0.313882;0.332224;0;0.0153;0.0153;1;0.000682;0;1;1;0.050437
7474;Recovered;0;8;8;6;0.328829;0.354077;1527.8;0.019841;0.019841;5;0.0024;0;0.333333;7;0.075686
6385;Recovered;0;2;2;6;0.326518;0.348206;510;0.012831;0.012831;5;0.001222;0;0;0;0.047454
37;Recovered;0;1;1;7;0.268947;0.281167;0;0.003505;0.003504;1;0.000566;0;0;0;0.011557
6388;Recovered;0;2;2;6;0.326518;0.348206;27.223095;0.013448;0.013448;5;0.000721;0;0;0;0.049669
11293;Recovered;0;1;1;7;0.244031;0.254082;0;0.000998;0.000998;8;0.000592;0;0;0;0.00406
38;Recovered;0;3;3;6;0.302725;0.324364;43.496294;0.007808;0.007808;8;0.001046;0;0;0;0.03156
7599;Recovered;0;2;2;6;0.313113;0.33017;1004.879302;0.011695;0.011695;1;0.001017;0;0;0;0.037834
5050;Recovered;0;10;10;6;0.355355;0.385845;2255.382698;0.035604;0.035605;9;0.003151;0;0.194444;7;0.129724
6140;Recovered;0;1;1;6;0.320376;0.339824;0;0.012917;0.012918;2;0.000514;0;0;0;0.043029
6381;Recovered;0;2;2;6;0.327145;0.348858;539.808136;0.012832;0.012832;0;0.001029;0;0;0;0.047554
1800;Recovered;0;17;17;5;0.391571;0.426321;964.516056;0.120813;0.120813;6;0.00404;0;0.558824;76;0.393012
385;Failed;44;1;1;8;0.179361;0.18465;0;0.00001;0.00001;1;0.000884;0;0;0;0.000702
144;Recovered;0;4;4;6;0.336849;0.362231;0;0.022724;0.022724;9;0.000767;0;0.333333;1;0.085026
145;Recovered;0;47;47;6;0.355355;0.413731;10294.723624;0.047007;0.047007;8;0.015604;0;0.012026;13;0.189111
267;Recovered;0;2;2;6;0.276067;0.288454;0;0.003149;0.003149;8;0.000848;0;1;1;0.011444
41;Recovered;0;1;1;6;0.292501;0.305055;0;0.006146;0.006146;6;0.000516;0;0;0;0.019666
45;Recovered;0;1;1;6;0.31838;0.334932;0;0.011754;0.011754;8;0.000514;0;0;0;0.038666
46;Recovered;0;2;2;6;0.345037;0.368558;210.723644;0.014985;0.014985;8;0.000814;0;0;0;0.057887
47;Failed;6;1;1;8;0.208827;0.219539;0;0.000104;0.000104;8;0.000807;0;0;0;0.001355
8210;Recovered;0;5;5;5;0.353633;0.382061;653.18018;0.028602;0.028602;4;0.001684;0;0.3;3;0.104749
48;Recovered;0;4;4;6;0.314849;0.334181;0;0.014978;0.014978;1;0.000776;0;0.666667;2;0.051816
8578;Recovered;0;1;1;7;0.25614;0.265707;0;0.001268;0.001268;4;0.000543;0;0;0;0.004985
11260;Recovered;0;2;2;7;0.238451;0.249814;9.972839;0.000561;0.000561;10;0.001052;0;0;0;0.00317
49;Recovered;0;1;1;6;0.326101;0.346902;0;0.012803;0.012803;5;0.000531;0;0;0;0.046822
11021;Recovered;0;2;2;6;0.335522;0.358904;0;0.022838;0.022839;2;0.00075;0;1;1;0.076984
11383;Recovered;0;2;2;6;0.315043;0.335062;6.55368;0.014946;0.014946;7;0.000762;0;0;0;0.05014
271;Recovered;0;5;5;6;0.273408;0.288421;8.82922;0.003765;0.003765;2;0.000998;0;0.5;3;0.016047
159;Recovered;0;2;2;6;0.271664;0.284149;17.932526;0.001857;0.001857;8;0.000897;0;0;0;0.007807
8209;Recovered;0;3;3;7;0.25;0.263587;14.062338;0.001237;0.001237;4;0.001244;0;0;0;0.007385
1938;Failed;5;1;1;8;0.199765;0.206567;0;0.000045;0.000045;4;0.000869;0;0;0;0.001024
50;Recovered;0;2;2;6;0.318777;0.336236;6.242056;0.013509;0.013509;8;0.000789;0;0;0;0.04481
2905;Recovered;0;1;1;7;0.237564;0.246776;0;0.000474;0.000474;4;0.00062;0;0;0;0.002843
52;Recovered;0;2;2;6;0.319575;0.340639;24.911977;0.013215;0.013215;8;0.000883;0;0;0;0.045066
11268;Recovered;0;2;2;6;0.311775;0.332387;11.256017;0.01353;0.01353;9;0.000753;0;0;0;0.045225
2902;Recovered;0;1;1;6;0.320376;0.339824;0;0.012917;0.012918;2;0.000514;0;0;0;0.043029
11028;Recovered;0;2;2;6;0.327564;0.349282;794.364988;0.012859;0.012859;3;0.000746;0;0;0;0.047832
55;Failed;19;1;1;7;0.248058;0.257148;0;0.000644;0.000644;8;0.000679;0;0;0;0.002722
9430;Recovered;0;1;1;6;0.308389;0.327723;0;0.009921;0.009921;9;0.000529;0;0;0;0.033955
7015;Recovered;0;4;4;6;0.320175;0.341618;3.874921;0.014867;0.014867;9;0.000684;0;0.333333;1;0.053451
5078;Recovered;0;1;1;6;0.319176;0.339335;0;0.012641;0.012641;9;0.000505;0;0;0;0.042789
11030;Recovered;0;2;2;5;0.335302;0.356915;0;0.023081;0.023081;5;0.000743;0;1;1;0.078851
8469;Failed;30;1;1;7;0.223242;0.230789;0;0.000194;0.000194;4;0.000702;0;0;0;0.001334
7377;Recovered;0;1;1;6;0.302725;0.317808;0;0.010278;0.010278;6;0.000505;0;0;0;0.032029
7017;Recovered;0;4;4;6;0.322194;0.343412;6.973347;0.015144;0.015144;9;0.000693;0;0.333333;1;0.053684
7138;Recovered;0;2;2;6;0.321384;0.341944;576.138265;0.012958;0.012958;4;0.000715;0;0;0;0.043984
7016;Recovered;0;5;5;6;0.332899;0.355251;26.578553;0.016581;0.016581;8;0.000883;0;0.333333;2;0.064028
160;Recovered;0;2;2;6;0.296404;0.316993;21.740446;0.005323;0.005323;8;0.000805;0;0;0;0.022658
286;Recovered;0;41;41;5;0.439381;0.484573;7368.732081;0.213352;0.213352;6;0.009983;0;0.262195;215;0.703083
11397;Recovered;0;2;2;6;0.314075;0.334932;0;0.015941;0.015941;0;0.000762;0;1;1;0.053256
11154;Recovered;0;1;1;6;0.308389;0.327723;0;0.009921;0.009921;9;0.000529;0;0;0;0.033955
2917;Recovered;0;7;7;5;0.367626;0.392727;1064.510699;0.039995;0.039995;4;0.002228;0;0.190476;4;0.139966
11277;Recovered;0;1;1;6;0.319176;0.339335;0;0.012641;0.012641;9;0.000505;0;0;0;0.042789
1706;Recovered;0;2;2;6;0.335082;0.358611;77.559128;0.015099;0.015099;8;0.000796;0;0;0;0.054094
2915;Recovered;0;2;2;6;0.294694;0.31047;3.127871;0.009152;0.009152;5;0.000706;0;0;0;0.029782
2914;Recovered;0;57;57;5;0.453014;0.506491;9607.689624;0.25145;0.251449;6;0.013971;0;0.16604;265;0.829837
11039;Recovered;0;6;6;6;0.341121;0.366373;189.771813;0.025654;0.025654;8;0.001306;0;0.3;3;0.093205
68;Recovered;0;1;1;6;0.31838;0.334932;0;0.011754;0.011754;8;0.000514;0;0;0;0.038666
8237;Failed;5;1;1;7;0.226006;0.235561;0;0.00031;0.00031;4;0.000599;0;0;0;0.002062
291;Recovered;0;1;1;6;0.31838;0.334932;0;0.011754;0.011754;8;0.000514;0;0;0;0.038666
292;Recovered;0;1;1;6;0.31838;0.334932;0;0.011754;0.011754;8;0.000514;0;0;0;0.038666
7260;Recovered;0;3;3;6;0.326935;0.349511;1019;0.012859;0.012859;5;0.001986;0;0;0;0.048098
293;Recovered;0;68;68;5;0.466667;0.524103;17083.732978;0.253306;0.253305;8;0.017653;0;0.115013;262;0.849654
8472;Recovered;0;5;5;6;0.285315;0.304501;8.100866;0.005257;0.005257;6;0.000965;0;0.5;3;0.025377
174;Recovered;0;13;13;5;0.40047;0.433399;1494.523743;0.112189;0.11219;10;0.003521;0;0.551282;43;0.372227
6172;Recovered;0;14;14;5;0.387121;0.419863;612.025926;0.105381;0.105382;6;0.002891;0;0.551282;43;0.360258
1833;Recovered;0;10;10;5;0.365784;0.397391;1682.147991;0.05434;0.054341;4;0.002361;0;0.388889;14;0.194631
297;Recovered;0;18;18;5;0.413096;0.448728;2689.352183;0.132444;0.132444;6;0.004713;0;0.45098;69;0.440559
298;Recovered;0;4;4;6;0.290506;0.304729;3.782967;0.008711;0.008711;1;0.000797;0;0.666667;2;0.029962
299;Recovered;0;2;2;7;0.25;0.262986;17.5;0.001102;0.001102;8;0.001106;0;0;0;0.005415
7018;Recovered;0;71;71;5;0.44551;0.511024;15719.777379;0.213796;0.213795;9;0.01971;0;0.067606;168;0.729681
71;Recovered;0;9;9;5;0.35;0.380235;933.83715;0.036109;0.03611;5;0.002239;0;0.285714;8;0.133188
8228;Recovered;0;2;2;6;0.268101;0.283692;24.754157;0.002569;0.002569;7;0.000701;0;0;0;0.01172
1717;Recovered;0;5;5;7;0.249512;0.263358;1855.194326;0.000972;0.000972;4;0.003385;0;0;0;0.006072
73;Recovered;0;5;5;7;0.265869;0.279079;18.610826;0.001841;0.001841;8;0.001059;0;0.5;3;0.008944
1836;Recovered;0;2;2;6;0.306723;0.321983;4.961588;0.011095;0.011095;7;0.000692;0;0;0;0.035854
77;Recovered;0;1;1;6;0.288375;0.301663;0;0.00602;0.00602;0;0.000526;0;0;0;0.019301
7276;Recovered;0;3;3;7;0.261917;0.275981;52.810326;0.001878;0.001878;8;0.001353;0;0;0;0.008111
8001;Recovered;0;2;2;7;0.241038;0.251146;1.833333;0.001656;0.001656;6;0.000916;0;0;0;0.006152
11492;Recovered;0;2;2;6;0.339987;0.363666;0;0.025559;0.025559;2;0.000726;0;1;1;0.085818
1843;Recovered;0;1;1;6;0.292501;0.305055;0;0.006146;0.006146;6;0.000516;0;0;0;0.019666
3909;Recovered;0;3;3;6;0.26381;0.276908;4.968788;0.002354;0.002354;8;0.001101;0;0.333333;1;0.009846
80;Recovered;0;1;1;6;0.326101;0.346902;0;0.012803;0.012803;5;0.000531;0;0;0;0.046822
81;Recovered;0;5;5;5;0.353878;0.376288;333.72709;0.025917;0.025917;0;0.001077;0;0.333333;2;0.096333
11134;Recovered;0;2;2;6;0.333333;0.357469;0;0.022562;0.022562;9;0.000741;0;1;1;0.076745
1849;Recovered;0;15;15;6;0.315432;0.344488;636.098907;0.015594;0.015594;4;0.004337;0;0.12381;13;0.067553
11015;Recovered;0;2;2;6;0.325893;0.348402;0;0.021394;0.021394;1;0.000738;0;1;1;0.071447
87;Recovered;0;2;2;6;0.330744;0.3515;181.143068;0.012932;0.012932;8;0.000947;0;0;0;0.048073
88;Recovered;0;3;3;6;0.331818;0.35349;64.570012;0.024127;0.024128;6;0.000995;0;0.333333;1;0.080132
7046;Recovered;0;1;1;6;0.326101;0.346902;0;0.012803;0.012803;5;0.000531;0;0;0;0.046822
8251;Recovered;0;6;6;6;0.271375;0.288226;18.991065;0.003166;0.003166;4;0.001181;0;0.5;5;0.015663
194;Recovered;0;4;4;6;0.336184;0.361742;373.550128;0.015098;0.015098;8;0.001428;0;0.333333;2;0.056453
6192;Recovered;0;2;2;7;0.264083;0.285994;21.396799;0.003179;0.003179;8;0.000874;0;0;0;0.015125
7281;Recovered;0;1;1;6;0.326101;0.346902;0;0.012803;0.012803;5;0.000531;0;0;0;0.046822
196;Recovered;0;1;1;6;0.308389;0.327723;0;0.009921;0.009921;9;0.000529;0;0;0;0.033955
199;Recovered;0;1;1;6;0.312921;0.330267;0;0.011473;0.011473;1;0.000502;0;0;0;0.037492
1853;Recovered;0;4;4;6;0.26712;0.284508;771.834075;0.002302;0.002302;7;0.001938;0;0;0;0.011849
1852;Recovered;0;10;10;6;0.322601;0.347326;1709.33256;0.021502;0.021502;8;0.003518;0;0.022222;1;0.07422
10815;Recovered;0;2;2;6;0.333333;0.357469;0;0.022562;0.022562;9;0.000741;0;1;1;0.076745
93;Recovered;0;6;6;6;0.346911;0.372733;76.277271;0.037769;0.037769;9;0.001233;0;0.4;4;0.131317
2828;Recovered;0;7;7;5;0.361898;0.388878;203.484633;0.065879;0.065879;6;0.001853;0;0.714286;15;0.213371
3912;Recovered;0;5;5;6;0.344108;0.367776;211.326468;0.025733;0.025733;10;0.001041;0;0.333333;2;0.091835
8387;Failed;65;1;1;7;0.234296;0.241441;0;0.00046;0.00046;6;0.000792;0;0;0;0.001848
7176;Recovered;0;2;2;6;0.316213;0.33454;72.176406;0.011725;0.011725;1;0.000766;0;0;0;0.039497
8264;Recovered;0;1;1;6;0.261381;0.272929;0;0.001327;0.001327;4;0.000579;0;0;0;0.00526
8143;Recovered;0;3;3;5;0.353878;0.3818;0;0.035365;0.035366;5;0.000979;0;1;3;0.123566
7170;Recovered;0;17;17;6;0.367626;0.401207;3342.626067;0.075521;0.075522;1;0.005468;0;0.176471;24;0.248441
8263;Recovered;0;1;1;7;0.232696;0.240826;0;0.000317;0.000317;4;0.000629;0;0;0;0.00206
7050;Recovered;0;2;2;7;0.263538;0.284461;30.197584;0.002338;0.002338;8;0.000954;0;0;0;0.012398
1503;Recovered;0;2;2;7;0.271088;0.285505;67.277778;0.003718;0.003718;1;0.000913;0;0;0;0.013301
1744;Recovered;0;1;1;6;0.326101;0.346902;0;0.012803;0.012803;5;0.000531;0;0;0;0.046822
10821;Recovered;0;2;2;6;0.274879;0.28653;1;0.003765;0.003765;2;0.000917;0;0;0;0.012488
2711;Recovered;0;5;5;5;0.349282;0.372668;179.112534;0.025944;0.025944;2;0.001048;0;0.333333;2;0.095813
1742;Recovered;0;2;2;6;0.325893;0.349804;125.11409;0.012102;0.012102;8;0.000811;0;0;0;0.045021
1741;Recovered;0;3;3;6;0.309135;0.32544;1044.142493;0.010223;0.010223;4;0.001467;0;0;0;0.033818
10947;Recovered;0;4;4;6;0.333333;0.357469;0;0.022562;0.022562;9;0.000741;0;0.333333;1;0.080793
1740;Recovered;0;42;42;5;0.433786;0.481703;4225.928702;0.22149;0.22149;6;0.010451;0;0.261324;225;0.725444
7066;Recovered;0;5;5;6;0.337963;0.362492;590.307475;0.025147;0.025147;8;0.001849;0;0.1;1;0.085765
7189;Recovered;0;8;8;6;0.327774;0.353033;493.706518;0.022871;0.022871;2;0.001646;0;0.238095;5;0.083034
8271;Recovered;0;1;1;7;0.232696;0.240826;0;0.000317;0.000317;4;0.000629;0;0;0;0.00206
2603;Recovered;0;6;6;6;0.308575;0.325375;939.231788;0.006487;0.006487;4;0.002324;0;0.066667;1;0.026748
1755;Recovered;0;24;24;5;0.360876;0.399446;4036.049281;0.04418;0.04418;6;0.005747;0;0.086957;22;0.176793
2841;Failed;47;1;1;8;0.175662;0.180442;0;0.000004;0.000004;4;0.000514;0;0;0;0.000762
10914;Recovered;0;2;2;6;0.308761;0.329028;19.953003;0.010543;0.010543;2;0.000912;0;0;0;0.03643
2840;Failed;3;4;4;7;0.213005;0.221093;510;0.000091;0.000091;4;0.001041;0;0.666667;2;0.00242
10915;Failed;10;1;1;7;0.242871;0.252824;0;0.000606;0.000606;0;0.000523;0;0;0;0.002821
3932;Recovered;0;11;11;5;0.381343;0.413242;130.028263;0.082463;0.082464;1;0.002328;0;0.577778;26;0.288592
8047;Recovered;0;4;4;6;0.319775;0.340965;24.302239;0.013293;0.013293;5;0.000801;0;0.333333;1;0.048324
8160;Recovered;0;4;4;7;0.253724;0.266685;2.277778;0.001067;0.001067;10;0.000971;0;0.666667;2;0.005985
7192;Recovered;0;2;2;6;0.28468;0.297293;22.2542;0.00425;0.00425;8;0.000881;0;0;0;0.014541
8041;Recovered;0;3;3;6;0.320376;0.339824;0;0.012917;0.012918;2;0.000514;0;0;0;0.045517
2856;Recovered;0;8;8;5;0.345972;0.372374;319.638084;0.027317;0.027317;4;0.0017;0;0.333333;7;0.101864
1761;Recovered;0;2;2;7;0.260449;0.273162;26.056622;0.001716;0.001716;8;0.000882;0;0;0;0.007077
1760;Recovered;0;3;3;5;0.349282;0.372668;510;0.025776;0.025776;2;0.000908;0;0.333333;1;0.09065
3940;Recovered;0;2;2;6;0.320175;0.341455;163.870888;0.012727;0.012727;8;0.000685;0;0;0;0.043866
3701;Recovered;0;5;5;5;0.358596;0.384703;355.460044;0.037919;0.037919;8;0.001648;0;0.4;4;0.13036
9026;Failed;57;1;1;7;0.221692;0.228884;0;0.000181;0.000181;4;0.000819;0;0;0;0.00118
8297;Recovered;0;6;6;6;0.309322;0.327365;275.477228;0.006059;0.006059;4;0.002154;0;0.133333;2;0.026588
8175;Recovered;0;2;2;6;0.273701;0.286236;1.361111;0.004813;0.004813;2;0.000696;0;0;0;0.016017
8052;Recovered;0;2;2;6;0.339987;0.363666;0;0.025559;0.025559;2;0.000726;0;1;1;0.085818
4926;Recovered;0;5;5;6;0.258865;0.272309;1020.2;0.001194;0.001194;3;0.001265;0;0.5;3;0.007068
1653;Recovered;0;3;3;6;0.270227;0.284377;1018;0.001961;0.001961;4;0.001098;0;0.333333;1;0.009838
3951;Recovered;0;10;10;5;0.381913;0.41396;861.758482;0.088047;0.088048;6;0.002704;0;0.577778;26;0.292531
9396;Failed;26;1;1;8;0.193341;0.199049;0;0.000027;0.000027;1;0.000809;0;0;0;0.000795
8063;Recovered;0;2;2;6;0.326518;0.348206;27.223095;0.013448;0.013448;5;0.000721;0;0;0;0.049669
3847;Recovered;0;13;13;5;0.400784;0.433562;561.024766;0.115652;0.115653;6;0.003115;0;0.628205;49;0.384434
1667;Recovered;0;2;2;6;0.300765;0.316014;42.912877;0.008163;0.008163;4;0.000807;0;0;0;0.026956
3602;Recovered;0;3;3;6;0.322601;0.34439;161.200661;0.013386;0.013386;2;0.001068;0;0;0;0.046337
1785;Recovered;0;5;5;6;0.325685;0.348174;1187.358472;0.013828;0.013828;9;0.002251;0;0;0;0.04867
10902;Recovered;0;1;1;6;0.326101;0.346902;0;0.012803;0.012803;5;0.000531;0;0;0;0.046822
1309;Failed;5;1;1;8;0.199765;0.206567;0;0.000045;0.000045;4;0.000869;0;0;0;0.001024
2637;Recovered;0;2;2;6;0.318777;0.33666;109.205735;0.011669;0.011669;0;0.000828;0;0;0;0.039192
3967;Recovered;0;11;11;5;0.39429;0.426712;528.705778;0.108019;0.10802;6;0.002775;0;0.727273;40;0.356618
8192;Recovered;0;1;1;6;0.279847;0.291194;0;0.004566;0.004566;6;0.000522;0;0;0;0.014377
1680;Recovered;0;4;4;6;0.294355;0.307306;8.719456;0.004845;0.004845;2;0.000797;0;0.333333;1;0.018912
8196;Recovered;0;2;2;6;0.302367;0.317384;10.012616;0.007019;0.007019;7;0.000763;0;0;0;0.025824
8074;Recovered;0;1;1;6;0.319176;0.339335;0;0.012641;0.012641;9;0.000505;0;0;0;0.042789
2647;Recovered;0;1;1;6;0.326101;0.346902;0;0.012803;0.012803;5;0.000531;0;0;0;0.046822
3737;Failed;11;1;1;6;0.258996;0.268754;0;0.001196;0.001196;2;0.000667;0;0;0;0.00448
2767;Recovered;0;4;4;6;0.310261;0.332616;810.652407;0.010046;0.010046;10;0.001595;0;0;0;0.03639
3739;Recovered;0;4;4;5;0.348805;0.371363;0;0.025721;0.025721;2;0.000752;0;0.333333;1;0.094482
1675;Recovered;0;1;1;6;0.293173;0.307632;0;0.007943;0.007943;10;0.000531;0;0;0;0.024977
1312;Recovered;0;2;2;7;0.2708;0.291897;7.270238;0.003348;0.003348;8;0.00089;0;0;0;0.015408
1673;Recovered;0;33;33;5;0.414436;0.458545;5041.543866;0.171173;0.171173;10;0.009252;0;0.25947;137;0.561139
3850;Recovered;0;2;2;5;0.348805;0.371363;0;0.025721;0.025721;2;0.000752;0;1;1;0.089851
11095;Recovered;0;3;3;7;0.22701;0.240327;60.344444;0.000278;0.000278;0;0.001552;0;0;0;0.003304
1691;Recovered;0;2;2;7;0.24842;0.2608;0.833333;0.001777;0.001777;2;0.000631;0;0;0;0.007567
11090;Recovered;0;2;2;6;0.336849;0.362231;0;0.022724;0.022724;9;0.000767;0;1;1;0.080777
1327;Recovered;0;1;1;6;0.293173;0.307632;0;0.007943;0.007943;10;0.000531;0;0;0;0.024977
1206;Recovered;0;1;1;7;0.26232;0.274401;0;0.001652;0.001652;9;0.000561;0;0;0;0.006463
3749;Recovered;0;3;3;6;0.312921;0.330267;0;0.011473;0.011473;1;0.000502;0;0;0;0.039707
1326;Recovered;0;1;1;6;0.293173;0.307632;0;0.007943;0.007943;10;0.000531;0;0;0;0.024977
1325;Recovered;0;2;2;6;0.294864;0.311057;5.102885;0.010429;0.010429;10;0.000773;0;0;0;0.03388
1324;Recovered;0;1;1;6;0.293173;0.307632;0;0.007943;0.007943;10;0.000531;0;0;0;0.024977
1323;Recovered;0;2;2;6;0.300765;0.317449;10.391575;0.011084;0.011084;10;0.000761;0;0;0;0.03657
1201;Recovered;0;3;3;7;0.271231;0.293528;61.861591;0.003545;0.003545;8;0.001264;0;0;0;0.016567
4713;Recovered;0;2;2;6;0.291002;0.30623;0.741667;0.009692;0.009692;6;0.000752;0;0;0;0.030823
1329;Recovered;0;1;1;6;0.293173;0.307632;0;0.007943;0.007943;10;0.000531;0;0;0;0.024977
3506;Recovered;0;2;2;6;0.319575;0.337215;274.456466;0.011808;0.011808;0;0.00095;0;0;0;0.039537
